{
  "N_points": 200,
  "JoA_values": [
    0.01,
    0.010353218432956621,
    0.010718913192051276,
    0.011097524964120722,
    0.011489510001873092,
    0.011895340673703195,
    0.012315506032928256,
    0.012750512407130129,
    0.01320088400831418,
    0.013667163564620066,
    0.01414991297434576,
    0.014649713983072856,
    0.015167168884709226,
    0.015702901247293774,
    0.01625755666443794,
    0.016831803533309566,
    0.0174263338600965,
    0.018041864093920716,
    0.01867913599020783,
    0.01933891750455231,
    0.020022003718155844,
    0.02072921779595371,
    0.021461411978584036,
    0.02221946860939524,
    0.02300430119772918,
    0.023816855519761582,
    0.024658110758226028,
    0.025529080682395167,
    0.026430814869741057,
    0.027364399970746706,
    0.02833096101839324,
    0.02933166278390044,
    0.030367711180354574,
    0.031440354715915,
    0.032550885998350584,
    0.03370064329271928,
    0.034891012134067735,
    0.0361234269970943,
    0.03739937302478798,
    0.03872038781812555,
    0.04008806328898465,
    0.04150404757850477,
    0.04297004704320839,
    0.04448782831127585,
    0.04605922041145106,
    0.04768611697714469,
    0.049370478528390035,
    0.051114334834401656,
    0.05291978735958442,
    0.054789011795939424,
    0.05672426068491978,
    0.05872786613189483,
    0.06080224261649421,
    0.06294988990221888,
    0.06517339604882423,
    0.06747544053110693,
    0.0698587974678525,
    0.07232633896483534,
    0.07488103857590023,
    0.0775259748862946,
    0.08026433522257174,
    0.08309941949353396,
    0.086034644166845,
    0.0890735463861044,
    0.09221978823334327,
    0.09547716114208056,
    0.09884959046625587,
    0.10234114021054533,
    0.10595601792776159,
    0.10969857978923835,
    0.11357333583431052,
    0.11758495540521563,
    0.12173827277396614,
    0.12603829296797275,
    0.13049019780144022,
    0.13509935211980265,
    0.1398713102647238,
    0.14481182276745339,
    0.14992684327860456,
    0.15522253574270473,
    0.16070528182616384,
    0.16638168860761282,
    0.17225859653987866,
    0.17834308769319093,
    0.18464249428955434,
    0.19116440753857017,
    0.19791668678535562,
    0.2049074689815847,
    0.21214517849106299,
    0.21963853724165458,
    0.22739657523579276,
    0.23542864143224165,
    0.24374441501222205,
    0.2523539170434766,
    0.2612675225563328,
    0.27049597304631345,
    0.2800503894183631,
    0.28994228538828765,
    0.3001835813575589,
    0.31078661877820124,
    0.32176417502507354,
    0.3331294787934673,
    0.3448962260405758,
    0.35707859649004625,
    0.36969127071950264,
    0.3827494478516311,
    0.3962688638701478,
    0.41026581058271927,
    0.42475715525368984,
    0.4397603609302719,
    0.4552935074866948,
    0.4713753134116724,
    0.48802515836544313,
    0.505263106533568,
    0.5231099308056261,
    0.5415871378079471,
    0.5607169938205459,
    0.5805225516094898,
    0.6010276782070382,
    0.6222570836730228,
    0.644236350872137,
    0.6669919663030122,
    0.6905513520162327,
    0.7149428986597577,
    0.7401959996915641,
    0.7663410868007454,
    0.7934096665797492,
    0.8214343584919426,
    0.8504489341802677,
    0.880488358164346,
    0.9115888299750818,
    0.9437878277775381,
    0.9771241535346497,
    1.011637979766207,
    1.0473708979594498,
    1.0843659686896097,
    1.1226677735108135,
    1.162322468679852,
    1.2033778407775892,
    1.2458833642950082,
    1.289890261253308,
    1.3354515629298989,
    1.382622173764655,
    1.4314589375234785,
    1.4820207057988586,
    1.5343684089300116,
    1.5885651294280527,
    1.6446761779946628,
    1.7027691722258995,
    1.762914118095948,
    1.8251834943190424,
    1.8896523396912097,
    1.9563983435170629,
    2.0255019392306663,
    2.0970464013232326,
    2.171117945694503,
    2.247805833548725,
    2.327202478960407,
    2.4094035602395243,
    2.4945081352303164,
    2.5826187606826747,
    2.6738416158399465,
    2.7682866303920637,
    2.8660676169482504,
    2.9673024081888695,
    3.072112998861756,
    3.180625692794119,
    3.292971255097148,
    3.409285069746811,
    3.52970730273065,
    3.6543830709572545,
    3.7834626171319288,
    3.9171014908092565,
    4.0554607358408274,
    4.19870708444391,
    4.347013158125022,
    4.500557675700498,
    4.659525668664678,
    4.8241087041653685,
    4.99450511585514,
    5.170920242896756,
    5.353566677410725,
    5.542664520663101,
    5.738441648302393,
    5.941133984965034,
    6.150985788580498,
    6.3682499447185865,
    6.593188271333542,
    6.826071834272386,
    7.067181273927491,
    7.316807143427193,
    7.575250258771913,
    7.842822061337682,
    8.119844993184008,
    8.406652885618325,
    8.703591361485158,
    9.01101825166502,
    9.329304026284687,
    9.658832241158699,
    10.0
  ],