{
  "N_points": 100,
  "JoA_values": [
    0.01,
    0.010722672220103232,
    0.011497569953977356,
    0.012328467394420659,
    0.013219411484660286,
    0.014174741629268055,
    0.01519911082952934,
    0.016297508346206444,
    0.01747528400007684,
    0.01873817422860384,
    0.02009233002565047,
    0.021544346900318843,
    0.023101297000831605,
    0.024770763559917114,
    0.026560877829466867,
    0.02848035868435802,
    0.030538555088334154,
    0.03274549162877728,
    0.03511191734215131,
    0.037649358067924674,
    0.040370172585965536,
    0.04328761281083057,
    0.046415888336127795,
    0.049770235643321115,
    0.0533669923120631,
    0.05722367659350217,
    0.06135907273413173,
    0.06579332246575682,
    0.07054802310718646,
    0.07564633275546291,
    0.08111308307896872,
    0.08697490026177834,
    0.093260334688322,
    0.1,
    0.10722672220103231,
    0.11497569953977356,
    0.12328467394420659,
    0.13219411484660293,
    0.14174741629268056,
    0.1519911082952934,
    0.16297508346206444,
    0.17475284000076838,
    0.1873817422860384,
    0.20092330025650468,
    0.21544346900318845,
    0.23101297000831603,
    0.24770763559917114,
    0.26560877829466867,
    0.2848035868435802,
    0.30538555088334157,
    0.32745491628777285,
    0.3511191734215131,
    0.37649358067924676,
    0.4037017258596556,
    0.43287612810830595,
    0.464158883361278,
    0.49770235643321115,
    0.533669923120631,
    0.5722367659350217,
    0.6135907273413173,
    0.6579332246575682,
    0.7054802310718645,
    0.7564633275546291,
    0.8111308307896873,
    0.8697490026177834,
    0.9326033468832199,
    1.0,
    1.072267222010323,
    1.1497569953977356,
    1.232846739442066,
    1.3219411484660286,
    1.4174741629268048,
    1.5199110829529332,
    1.629750834620645,
    1.7475284000076847,
    1.873817422860385,
    2.0092330025650478,
    2.1544346900318843,
    2.31012970008316,
    2.4770763559917115,
    2.656087782946687,
    2.848035868435802,
    3.0538555088334154,
    3.274549162877728,
    3.511191734215131,
    3.7649358067924674,
    4.037017258596554,
    4.328761281083057,
    4.641588833612782,
    4.9770235643321135,
    5.336699231206312,
    5.72236765935022,
    6.135907273413176,
    6.5793322465756825,
    7.054802310718645,
    7.56463327554629,
    8.111308307896872,
    8.697490026177835,
    9.326033468832199,
    10.0
  ],
  "u_stars": [
    0.2457627118644068,
    0.2457627118644068,
    0.2457627118644068,
    0.2457627118644068,
    0.2457627118644068,
    0.2457627118644068,
    0.2457627118644068,
    0.2457627118644068,
    0.2457627118644068,
    0.2457627118644068,
    0.2457627118644068,
    0.2457627118644068,
    0.2457627118644068,
    0.2457627118644068,
    0.2457627118644068,
    0.2457627118644068,
    0.2457627118644068,
    0.2457627118644068,
    0.2457627118644068,
    0.2457627118644068,
    0.2457627118644068,
    0.2457627118644068,
    0.2457627118644068,
    0.2457627118644068,
    0.2457627118644068,
    0.2457627118644068,
    0.2457627118644068,
    0.2457627118644068,
    0.2457627118644068,
    0.2457627118644068,
    0.2457627118644068,
    0.2457627118644068,
    0.2457627118644068,
    0.2457627118644068,
    0.2457627118644068,
    0.2457627118644068,
    0.2457627118644068,
    0.30508474576271194,
    0.30508474576271194,
    0.30508474576271194,
    0.3644067796610171,
    0.423728813559322,
    0.48305084745762716,
    0.5423728813559323,
    0.6610169491525424,
    0.7203389830508475,
    0.7796610169491527,
    0.8389830508474576,
    0.9576271186440679,
    1.0169491525423728,
    1.0762711864406782,
    -0.34745762711864403,
    -0.4067796610169492,
    -0.4661016949152542,
    -0.5254237288135593,
    -0.5254237288135593,
    -0.5847457627118644,
    -0.5847457627118644,
    -0.6440677966101696,
    -0.6440677966101696,
    -0.7033898305084746,
    -0.7033898305084746,
    -0.7033898305084746,
    -0.7033898305084746,
    -0.7033898305084746,
    -0.7627118644067796,
    -0.7627118644067796,
    -0.7627118644067796,
    -0.7627118644067796,
    -0.7627118644067796,
    -0.7627118644067796,
    -0.7627118644067796,
    -0.7627118644067796,
    -0.7627118644067796,
    -0.7627118644067796,
    -0.7627118644067796,
    -0.7627118644067796,
    -0.7627118644067796,
    -0.7627118644067796,
    -0.7627118644067796,
    -0.7627118644067796,
    -0.7627118644067796,
    -0.7627118644067796,
    -0.7627118644067796,
    -0.7627118644067796,
    -0.7627118644067796,
    -0.7627118644067796,
    -0.7627118644067796,
    -0.7627118644067796,
    -0.7627118644067796,
    -0.7627118644067796,
    -0.7627118644067796,
    -0.7627118644067796,
    -0.7627118644067796,
    -0.7627118644067796,
    -0.7627118644067796,
    -0.7627118644067796,
    -0.7627118644067796,
    -0.7627118644067796,
    -0.7627118644067796
  ],
  "JoA_crit": 0.339287044854643,
  "delta_u": 1.4237288135593222,
  "u_pre": 1.0762711864406782,
  "u_post": -0.34745762711864403,
  "time_seconds": 64.6
}